dim1,dim2,word
-0.0124473795,0.018949296,the
0.05878389,-0.043945596,of
0.04888124,-0.032033905,and
0.05655786,-0.04137913,to
-0.00845758,0.013994474,a
0.05758415,-0.042182878,in
0.05290407,-0.03928697,that
0.049024627,-0.029163122,is
0.048964083,-0.02807884,was
-0.010956496,0.01113908,he
0.05583939,-0.03974571,for
-0.01241672,0.00924775,it
0.056628942,-0.04010751,with
0.052885056,-0.033751808,as
-0.010480374,0.022784911,his
0.058041155,-0.042786554,on
0.051448554,-0.029801905,be
0.059011832,-0.044344127,at
0.05722458,-0.041746676,by
-0.0029773228,0.00534001,i
-0.013170125,0.010713637,this
0.03097289,0.041640908,had
0.034146607,0.004812047,not
0.052221194,-0.036742654,are
0.05132045,-0.03741096,but
0.05786345,-0.04258019,from
0.044553034,-0.02555725,or
0.037374787,0.024059942,have
-0.014594492,0.016803429,an
-0.0011079599,0.007975436,they
0.042963732,-0.031270724,which
-0.045822043,-0.039497357,one
0.0007110718,0.014265047,you
0.038613133,-0.011581857,were
0.013848572,0.054739073,her
0.051899143,-0.04309144,all
-0.011624576,0.010982335,she
-0.012207048,0.0077870153,there
0.021672148,-0.007695644,would
-0.011325001,0.02221463,their
0.00078082347,0.0043116254,we
0.0100624645,0.032257393,him
0.047095258,-0.024968963,been
0.048988324,-0.022653071,has
0.05792537,-0.045715842,when
-0.006371244,0.009694296,who
0.018355446,-0.007248095,will
-0.022158056,-0.000336132,more
0.056605306,-0.044234082,if
0.019391302,-0.012275089,no
-0.037273135,-0.029491456,out
0.021044085,-0.010877879,so
0.026074018,-0.005207431,said
0.026939461,-0.017513068,what
0.027192663,0.009852662,up
-0.006674849,0.01734437,its
0.053297937,-0.03655945,about
0.0579403,-0.04235881,into
0.04832336,-0.030461915,than
0.007441224,0.030990653,them
0.017338937,-0.0050115683,can
0.0409926,-0.016913677,only
-0.008817863,0.020387191,other
-0.014658557,0.0324115,new
-0.04880411,-0.04372852,some
0.025611386,-0.008738476,could
0.0070662936,0.026937962,time
-0.011668511,0.011107143,these
-0.042386048,-0.032676335,two
0.01811916,-0.0040813438,may
0.04797973,-0.034401726,then
0.041276306,-0.025230946,do
-0.026897525,-0.009458151,first
-0.04330955,-0.036351435,any
-0.01010202,0.02201358,my
0.026774948,-0.008738024,now
0.038260173,-0.016714454,such
0.048031937,-0.023012215,like
-0.012413712,0.02402091,our
0.05501796,-0.038262483,over
-0.012895954,0.016734704,man
0.01776384,0.029891076,me
0.04357872,-0.025772154,even
-0.05024243,-0.046561394,most
0.038559675,-0.01167081,made
0.040170565,-0.020710645,also
0.054965016,-0.039154373,after
0.043734487,-0.02751323,did
-0.048659157,-0.043245856,many
0.0570364,-0.042605363,before
0.016953137,-0.0033079067,must
-0.013617066,0.02537568,af
0.05795759,-0.042706918,through
0.014843781,0.051235445,back
-0.038047306,-0.025066935,years
0.058373492,-0.044770498,where
-0.03216656,-0.025049616,much
-0.0105606895,0.021238308,your
0.009898653,0.043793898,way
0.0039418587,0.013525073,well
0.043728728,-0.018583577,down
0.027052576,-0.012388208,should
-0.03678839,-0.045763474,because
-0.046083543,-0.03928965,each
0.033816002,-0.010766711,just
-0.046073116,-0.03802818,those
-0.017478436,0.0021210324,people
0.012201383,0.0042545414,too
0.021330329,0.058805153,how
0.0002729599,0.029245013,little
-0.035346188,-0.021272592,state
-0.0079596955,0.026793754,good
0.012809779,0.001640987,very
0.05704899,-0.03911364,make
-0.03238656,-0.013972536,world
0.031310286,-0.01133716,still
0.05214164,-0.036526613,see
-0.0066372175,0.024869706,own
-0.013073253,0.021523366,men
-0.010664545,0.008576063,work
-0.0050848294,0.019127056,long
0.0006342341,0.016983535,here
0.050292477,-0.027367035,get
0.035972234,-0.034541864,both
0.059461687,-0.04535502,between
-0.018265747,0.005025171,life
0.050403245,-0.029404517,being
0.059514485,-0.044880107,under
0.022327095,0.026912306,never
-0.013685776,0.00809661,day
-0.0038121308,0.014783359,same
-0.017200131,0.008222073,another
0.041231047,-0.031402413,know
0.056923214,-0.042532012,while
-0.015205979,-0.0035799087,last
0.016280517,0.033143897,us
0.015822496,-0.0016259023,might
-0.012590615,0.029641809,great
-0.013590672,0.03186716,old
-0.006550119,0.013847654,year
0.048104767,-0.0276258,off
0.018251114,0.05920817,come
0.058323707,-0.044169974,since
0.05885991,-0.044091903,against
0.019338828,0.06131004,go
0.019104604,0.059564415,came
0.014113589,0.053790677,right
0.015602636,0.045371704,used
0.055218764,-0.03695337,take
-0.043174446,-0.032255225,three
0.009410364,0.028153298,himself
-0.014690895,0.016148513,states
-0.049181104,-0.043139,few
-0.013231485,0.018248016,house
-0.044069078,-0.039616376,use
0.060322333,-0.046227247,during
0.05839601,-0.040576562,without
-0.003094658,0.019349886,again
-0.0042993603,0.0075700963,place
-0.013098608,0.028187335,american
0.052871782,-0.035479847,around
0.04434872,-0.02813018,however
-0.001840898,0.017460244,home
-0.013062207,0.029349944,small
0.02652185,-0.004625806,found
-0.031207122,-0.030481314,thought
0.019454222,0.062231768,went
0.021780841,-0.010561936,say
-0.04695638,-0.04126606,part
0.041602068,-0.020286778,once
-0.020936653,0.006340185,general
-0.009791026,0.024693426,high
0.05791977,-0.04270191,upon
-0.013449814,0.023532026,school
-0.009935318,0.011459903,every
0.045843013,-0.029109443,does
0.033235274,0.024158906,got
-0.003995391,0.023810616,united
0.040722698,-0.017498279,left
-0.0506424,-0.04696827,number
-0.0068298997,-0.013343676,course
-0.009139562,0.021594776,war
0.057652347,-0.04378566,until
0.041437805,-0.018088078,always
0.0002882409,0.021298386,away
-0.02449115,-0.014230226,something
0.004513168,-0.0048510367,fact
-0.010067908,0.02704471,water
0.055881336,-0.04370343,though
-0.0138922,0.019633522,public
-0.02079308,-0.00047058077,less
0.04603702,-0.022818439,put
-0.03464975,-0.039916977,think
0.04426175,-0.020738555,almost
0.000433345,0.021169323,hand
0.018761208,0.063711286,enough
0.057028536,-0.03807932,took
0.010984907,0.014795818,far
-0.03343978,-0.018262833,head
0.049520887,-0.03146249,yet
-0.034329813,-0.020931533,government
-0.021196805,0.0005355779,system
-0.027868599,-0.02371981,set
0.016934924,0.053246915,better
0.0597083,-0.041386478,told
-0.0056953384,0.018359123,night
0.014786649,0.0582893,nothing
-0.046252865,-0.040279523,end
0.053381324,-0.04191732,why
0.05067341,-0.02988822,called
-0.017166354,0.02151896,eyes
0.055275317,-0.03508738,find
0.019715747,0.06630405,going
-0.005171493,0.016792063,look
0.0298532,0.022610147,asked
0.03872416,-0.023018312,later
0.031460974,-0.025741965,knew
-0.036327373,-0.025653524,point
0.016793301,0.062368974,next
-0.020127483,-0.0004655859,program
-0.01631185,0.017800117,city
-0.01159529,0.023337536,business
-0.042929344,-0.035468504,group
0.0593958,-0.041007,give
0.05951737,-0.045062907,toward
-0.014212271,0.031171542,young
0.06337608,-0.048384808,let
-0.030268889,-0.013262796,days
-0.0041724923,0.023976825,room
-0.049415745,-0.043818723,president
-0.044300705,-0.036844887,side
-0.014049207,0.03047796,social
-0.0010008642,0.019196285,present
0.029735051,0.02084995,given
-0.045853,-0.040684704,several
0.012544946,0.05465527,order
-0.014411932,0.030243477,national
0.01875646,0.05388025,possible
0.014138371,0.006420652,rather
-0.008162644,0.023876827,second
-0.029992834,-0.0129534975,face
-0.016562078,0.0028585766,per
0.061191257,-0.04724925,among
-0.039565213,-0.030660478,form
0.03505629,-0.014523968,often
0.01464329,0.0511658,important
0.006283891,0.012103504,things
0.00742827,0.028104758,looked
-0.0041692127,0.014242043,early
-0.014542056,0.03197636,white
-0.012157298,0.02847462,john
-0.03491712,-0.024743134,case
-0.012503508,0.02975802,large
-0.04103716,-0.029245578,four
0.014917643,0.04128853,need
-0.01067467,0.027528906,big
0.052216187,-0.033505958,become
0.057651803,-0.04246825,within
0.046719205,-0.030218417,felt
-0.0087682,0.019982323,children
0.05736665,-0.04361753,along
0.05143185,-0.035108708,saw
0.00046958408,0.03061662,best
-0.015357136,0.01717102,church
0.022772733,0.033419773,ever
0.034299485,-0.01228441,least
-0.016969284,0.009809558,power
-0.04364761,-0.036056045,development
0.020721858,0.06436239,seemed
0.0132557675,0.031649414,thing
-0.0237807,0.004791555,light
-0.022711577,-0.0009729895,family
-0.0076324698,0.010962,interest
0.020487498,0.06373575,want
-0.04613578,-0.039933696,members
-0.0069988947,0.020179832,mind
-0.033361025,-0.02020806,area
-0.008370034,0.023715356,country
-0.0029821994,0.015510116,others
0.05848334,-0.044986263,although
0.02244594,0.05939412,turned
0.007964026,0.016170738,done
0.01501197,0.042833917,open
-0.009242224,0.022855243,god
-0.010228288,0.016379561,service
-0.03827142,-0.027109142,problem
-0.01959872,-0.017106665,certain
-0.04999085,-0.045983836,kind
-0.0074888165,0.024673488,different
0.050642774,-0.03445136,thus
0.02038149,0.063835956,began
-0.012844655,0.02616164,door
0.0051947464,0.007246244,help
-0.044880338,-0.039047386,sense
-0.038772836,-0.031578366,means
-0.027980052,-0.004197462,whole
-0.048248786,-0.043603666,matter
0.047997866,-0.030743266,perhaps
-0.000105125815,0.015442819,itself
-0.008584816,0.027319228,york
0.005232489,0.012116706,times
-0.021203222,-0.0007592246,law
-0.0131930495,0.030352736,human
-0.038472313,-0.028126555,line
0.057606444,-0.043321345,above
-0.037408777,-0.025026882,name
-0.03375621,-0.032445278,example
-0.019281253,0.004477642,action
-0.01443599,0.0162927,company
-0.012933212,0.021734014,hands
-0.014564921,0.031416185,local
0.023375409,-0.017443247,show
0.05773131,-0.043021165,whether
-0.03775246,-0.023098646,five
-0.035522774,-0.021963455,history
0.06127438,-0.043809056,gave
0.00812488,0.011310963,today
0.012028846,-0.015237942,either
-0.027598739,-0.015577105,act
-0.0151146315,0.025384054,feet
0.060424257,-0.04639442,across
0.022769358,0.041985653,taken
0.048771054,-0.035692446,past
0.048643228,-0.029548028,quite
0.005583396,0.026330965,anything
0.024705911,-0.0033130078,seen
0.054866582,-0.032316715,having
-0.029651707,-0.013027608,death
-0.024546685,-0.01030304,experience
-0.033941522,-0.020410124,body
-0.01585289,0.0037803708,week
-0.039856926,-0.04334103,half
0.02938691,-0.0100179715,really
-0.03687884,-0.026325451,word
-0.031620506,-0.016671497,field
-0.010653292,0.02337083,car
-0.012617982,0.020306952,words
0.01823004,-0.002687147,already
0.00254373,0.023736687,themselves
-0.006298453,0.021202698,information
0.052950982,-0.03533987,tell
0.027063388,-0.014061154,shall
0.00094582513,0.017486943,together
-0.014244886,0.024490613,college
0.0079850005,0.04098923,money
-0.041760124,-0.034076408,period
0.025352264,-0.0023035922,held
0.056740638,-0.04026956,keep
0.00074868446,-0.012230396,sure
0.051401015,-0.035733227,probably
-0.03172126,-0.013321156,free
0.02030081,0.06629597,seems
-0.014120559,0.030703073,political
-0.011754591,0.029747853,real
0.0056220116,-0.009633287,cannot
0.06322584,-0.049056467,behind
-0.039861996,-0.031597923,question
-0.02096487,0.01069119,air
-0.022750294,-0.0016840762,office
0.05492465,-0.03804763,making
0.03178982,0.02003436,brought
0.062512,-0.048517976,miss
0.030198475,-0.015872654,whose
-0.014019103,0.02699456,special
-0.008206338,0.024410745,major
0.048768293,-0.03566484,heard
-0.03905035,-0.0296654,problems
-0.015850728,0.03160996,federal
0.05532227,-0.036211804,became
-0.044821776,-0.038250744,study
0.025244616,-0.007758107,ago
-0.021272754,-0.025231482,moment
0.01112459,0.044944767,available
0.016459187,0.05221128,known
-0.04584202,-0.040279236,result
-0.010365824,0.027450657,street
-0.015120868,0.030978654,economic
-0.012062789,0.02431651,boy
-0.019839184,-0.0011244466,position
0.014067061,0.050043337,reason
-0.015486534,-0.0009107323,change
-0.024911838,0.0031891377,south
-0.04221925,-0.033525907,board
-0.011106631,0.025686452,individual
-0.017603423,0.00884535,job
0.043521762,-0.02084134,am
-0.0153939435,0.012570477,society
-0.03892075,-0.029826991,areas
-0.036004756,-0.023569547,west
0.01881852,0.06056256,close
0.02078189,0.04846936,turn
-0.020637175,0.0050403303,community
-0.023894668,-0.022240024,true
-0.008856714,0.015901076,love
-0.04321346,-0.03430335,court
-0.030482177,-0.017178264,force
-0.048558753,-0.043416724,full
-0.044494085,-0.03754187,cost
0.019929314,0.065902375,seem
-0.014132705,0.020888854,wife
-0.037978258,-0.031348474,future
-0.03440015,-0.019489126,age
0.0209643,0.06437632,wanted
-0.022088507,-0.0034113415,voice
-0.0458651,-0.03978616,department
-0.04430506,-0.037067417,center
-0.0087605445,0.01701325,woman
-0.045180436,-0.041364886,control
0.013590684,0.05676376,common
-0.026587995,-0.008059373,policy
0.018123634,0.061955646,necessary
0.05670487,-0.04223075,following
-0.051199198,-0.047661934,front
0.03541094,-0.019609949,sometimes
-0.028797336,-0.007286645,six
-0.009697751,0.018583037,girl
0.004820495,0.008988637,clear
0.019423315,-0.00188874,further
-0.014540841,0.021580964,land
0.05228155,-0.032577157,provide
0.028702341,-0.027633913,feel
-0.009276789,0.01216009,party
0.019848868,0.06740838,able
-0.019172262,0.008366575,mother
-0.012884553,0.021501208,music
-0.008884789,0.020097448,education
-0.042561103,-0.034521304,university
-0.01502226,0.0122862365,child
-0.04548091,-0.04063347,effect
-0.012990368,0.009188076,students
-0.042772077,-0.03506872,level
0.037341874,-0.01188287,run
0.009784319,0.01933815,stood
-0.014298864,0.031326696,military
-0.019283837,0.010946443,town
-0.039560713,-0.029650427,short
-0.012110769,0.01998493,morning
-0.051425006,-0.04761291,total
0.052163053,-0.040383905,outside
-0.045014095,-0.038312245,rate
-0.027271245,-0.010713979,figure
-0.032978993,-0.017290156,art
0.0017862673,0.009763991,century
-0.027320612,-0.0107106995,class
-0.008907353,0.025646703,washington
-0.019504488,0.012545198,north
0.04687038,-0.026885577,usually
0.00994918,0.04626525,plan
0.05541332,-0.03936834,leave
0.04693606,-0.031695563,therefore
-0.032083087,-0.032260824,evidence
-0.045987573,-0.039302044,top
-0.013041994,0.004998085,million
-0.039828286,-0.029436274,sound
-0.014448141,0.0297814,black
-0.014066401,0.030619586,strong
0.01710317,0.06189237,hard
-0.010675015,0.01775553,tax
-0.041251525,-0.03752862,various
0.04053993,-0.031226773,says
0.018078841,-0.0075377948,believe
-0.048552427,-0.04366742,type
-0.04608165,-0.03973741,value
0.03583013,-0.017537106,play
-0.03477158,-0.018346751,surface
0.0072454256,0.014230913,soon
0.020647999,0.037219353,mean
0.059179526,-0.044547573,near
-0.031430144,-0.013767582,lines
-0.012194558,0.024035623,table
-0.014280122,0.026587646,peace
-0.0075927046,0.019054689,modern
-0.009031955,0.030165482,road
-0.014664749,0.03085412,red
-0.014812325,0.0030342874,book
-0.014493738,0.032196082,personal
-0.043974724,-0.037116297,process
-0.0076405993,0.012641952,situation
-0.010371072,0.02505705,minutes
0.00086395163,0.0053670714,increase
-0.00818937,0.014241115,schools
-0.046656676,-0.04286273,idea
-0.011484228,0.029131565,english
-0.0005981862,0.016827228,alone
-0.012361126,0.019213326,women
0.01588187,0.041951776,gone
0.04186987,-0.026858218,nor
-0.00459354,0.017880276,living
-0.0083364565,0.022477489,america
0.020724308,0.05505489,started
0.024556763,0.012499603,longer
0.050995495,-0.027663443,cut
0.048668154,-0.034188848,finally
-0.050349724,-0.046282344,secretary
-0.043057248,-0.034494292,nature
-0.013489822,0.031776927,private
-0.020770796,-0.0019372784,third
-0.033712834,-0.023011543,months
-0.045078132,-0.038528565,section
0.053370774,-0.03872551,greater
0.038717706,-0.010791689,call
-0.008889397,0.014130037,fire
0.019907504,0.06212557,expected
0.019088965,0.05609774,needed
0.041841842,-0.024371317,kept
-0.01265201,0.02360141,ground
-0.042935483,-0.036420077,view
-0.02553972,-0.0031892192,values
0.0034431447,0.009270914,everything
-0.027588632,-0.00904355,pressure
-0.014380577,0.028840544,dark
-0.047164425,-0.04140416,basis
-0.018311895,0.0054448335,space
-0.012772211,0.024741208,east
-0.013631423,0.027152095,father
0.017829875,0.0570171,required
-0.02991718,-0.01541385,union
-0.041139822,-0.032445587,spirit
0.024838733,-0.008982048,complete
0.018193318,0.0074471543,except
0.030184252,0.013299456,wrote
0.01888713,0.048427984,moved
-0.03335547,-0.027762728,support
0.01447069,0.0524537,return
-0.02597614,-0.0077685704,conditions
-0.011340093,0.015217587,recent
0.01464547,0.056670498,attention
-0.004391518,0.02140896,late
0.03208423,-0.014078345,particular
0.00025009047,0.016627405,live
-0.012339404,-0.0060767094,hope
-0.035424612,-0.02272435,costs
0.009774372,0.041291054,else
-0.01505273,0.025567349,brown
0.05556185,-0.037348162,taking
-0.016716931,0.006840008,forces
-0.017165156,0.011858242,nations
0.059084043,-0.044954896,beyond
-0.02909178,-0.013645593,stage
0.050391313,-0.033355933,read
-0.021022227,-0.004007565,report
0.009359149,0.04345757,coming
-0.030443558,-0.013729694,hours
-0.015905207,0.008711406,person
0.056332253,-0.043108307,inside
-0.014212682,0.027753193,dead
-0.010419371,0.020920107,material
-0.05094112,-0.047726214,instead
0.017431516,0.0069148787,lost
-0.034299675,-0.020307684,heart
0.0031309729,0.021008356,looking
-0.008481627,0.025092423,low
-0.049353,-0.044208575,miles
-0.0074932496,0.017330768,data
0.019648343,0.051019486,added
0.04815961,-0.030483069,pay
-0.048956685,-0.04445035,amount
0.05396677,-0.03580517,followed
-0.033404592,-0.03450542,feeling
-0.0039017226,0.03812218,single
0.057493735,-0.039434448,makes
-0.012855184,0.029228669,research
0.05652295,-0.041204542,including
0.016594006,0.057365254,basic
-0.016783725,0.027637169,hundred
0.017982844,0.04429608,move
-0.011180174,0.024597077,industry
-0.015377622,0.030561425,cold
0.027962405,-0.007915008,simply
0.020937018,0.0010538296,developed
0.019839521,0.06605047,tried
0.05172028,-0.032795094,hold
0.0565187,-0.039931033,reached
-0.015455764,0.0039793854,committee
-0.0152491145,0.020247372,island
-0.04877624,-0.043649774,defense
-0.009944308,0.027365668,equipment
0.052310593,-0.03704936,actually
0.0046763243,0.011350743,shown
-0.043471456,-0.035912868,son
-0.011142635,0.030642245,central
-0.014167541,0.029560566,religious
-0.013124799,0.02945841,river
0.045746375,-0.015638849,getting
-0.010232102,0.01747858,beginning
-0.049857337,-0.0459984,sort
-0.044211894,-0.038118605,ten
0.048149053,-0.026634132,received
0.055455107,-0.039299577,doing
-0.047987867,-0.042942677,terms
0.020002104,0.06704671,trying
-0.048610006,-0.043876283,rest
-0.0149705745,0.03246643,medical
-0.04473397,-0.037676327,care
0.013488059,0.0052724727,especially
-0.012598077,0.025142876,friends
-0.044395227,-0.037846785,picture
0.04852281,-0.03186524,indeed
-0.023030816,0.000660475,administration
-0.014090611,0.029948642,fine
0.014645071,0.054967757,subject
0.019054303,0.06355562,difficult
-0.014320874,0.0077252127,building
-0.011526807,0.025098404,higher
-0.021241797,0.011361938,wall
-0.012805914,0.030174736,simple
-0.012189724,-0.0072465762,meeting
0.021088842,0.05039774,walked
-0.015814833,0.020603057,floor
-0.01301062,0.03414144,foreign
0.048942205,-0.02720895,bring
0.019112917,0.06471059,similar
0.05559336,-0.03801284,passed
-0.047078382,-0.04083891,range
-0.011278969,0.024096768,paper
-0.018198084,0.013922932,property
-0.011495794,0.026877616,natural
-0.014711765,0.02608518,final
-0.011059417,0.026908256,training
-0.013943684,0.028496379,county
-0.0076769185,0.022711923,police
-0.04690365,-0.04127538,cent
-0.014975883,0.031725015,international
-0.04402465,-0.03547489,growth
-0.0074508656,0.023486592,market
0.014335143,0.059023157,talk
-0.0033419854,0.0030026669,start
-0.0020431448,0.019440195,england
0.00632812,0.020077715,written
0.055222604,-0.04012749,hear
0.03889273,-0.015471304,suddenly
-0.041740242,-0.034271527,story
-0.029319858,-0.019164518,issue
-0.0046342565,0.0084919585,congress
-0.024328446,-0.005998785,needs
0.019582529,0.05453311,answer
-0.0061522378,0.029818863,hall
0.020231187,0.06581316,likely
0.009995458,0.027004303,working
-0.009111735,0.011912966,countries
0.049683526,-0.029977819,considered
-0.00796499,0.021414578,earth
0.006802566,0.014630158,sat
-0.041785207,-0.033304088,purpose
0.054607414,-0.039283734,meet
-0.011976439,0.0253994,labor
-0.042433254,-0.03420272,results
-0.010884731,0.02178421,entire
0.018824238,0.061195422,happened
-0.0140566295,0.02073536,william
0.0136267925,-0.010292385,cases
0.0022918782,0.014892117,stand
-0.0087224,0.008362525,difference
-0.042338897,-0.032945033,production
-0.01376686,0.029066343,hair
0.00010911823,0.013100818,involved
-0.041515425,-0.03165144,fall
-0.022601511,0.0046253707,stock
-0.012004256,0.028066268,food
0.0005109137,0.011421506,earlier
0.052463833,-0.031866528,increased
0.051947653,-0.04202497,whom
0.009242472,0.011658784,particularly
0.022539932,0.035229806,paid
0.023272298,0.0552335,sent
0.018494995,0.06298442,effort
-0.04324584,-0.03601786,knowledge
-0.023784533,0.0031143173,hour
0.013095246,0.049613975,letter
-0.015525471,0.010802302,club
0.0567615,-0.040583048,using
0.057031907,-0.04222667,below
-0.045068987,-0.041808836,thinking
0.05040799,-0.03941745,yes
-0.014505462,0.032117356,christian
-0.015138872,0.029023603,blue
0.018599259,0.06466271,ready
-0.033148196,-0.017298775,bill
-0.04634274,-0.039783087,deal
-0.026363902,-0.014466811,points
-0.010936665,0.023230977,trade
0.035462342,-0.021602254,certainly
-0.014618258,0.012025317,ideas
-0.0147653045,0.031759035,industrial
-0.021666154,0.0005572976,square
-0.0137606105,0.028819775,boys
-0.04185395,-0.0331027,methods
0.019814378,0.060948636,addition
-0.04388458,-0.03668036,method
0.0034862075,0.016676817,bad
0.019535236,0.06560121,due
-0.010357362,0.021987135,girls
-0.014355559,0.030235108,moral
0.019116553,0.05915248,decided
0.03683883,-0.03282744,reading
-0.027413646,-0.017794685,statement
-0.030819565,-0.021819422,weeks
-0.014070461,-0.026502443,neither
0.036718205,-0.014705389,nearly
0.017147271,0.058155537,directly
0.04912823,-0.032008167,showed
0.060760215,-0.047039717,throughout
0.020118097,0.06758062,according
-0.021301515,-0.0014048094,questions
-0.018411929,0.016980221,color
-0.01153101,0.023519902,kennedy
-0.011055448,0.010805907,anyone
0.0202305,0.06764475,try
-0.00142297,0.022205368,services
-0.014487318,0.019650096,programs
-0.001797293,0.01141478,nation
0.030915448,-0.008025324,lay
-0.012865028,0.028787708,french
-0.03994548,-0.02807858,size
0.03558507,-0.021676028,remember
-0.014184828,0.031073382,physical
-0.021744477,-0.008534694,record
-0.04819511,-0.0431502,member
0.01884701,0.059472267,comes
0.05332338,-0.040104512,understand
0.042817447,-0.030454833,southern
-0.014015932,0.027275227,western
-0.028659428,-0.010466915,strength
-0.028126394,-0.017521126,population
-0.007192462,0.03428976,normal
0.041129556,-0.0055904286,merely
-0.044773143,-0.034898765,district
-0.039806638,-0.02919985,volume
-0.00027211112,0.013354364,concerned
0.01342228,0.044756826,appeared
-0.03374817,-0.017582107,temperature
-0.0027899994,0.019398315,aid
-0.010010285,0.01738886,trouble
-0.01300886,0.01203754,trial
-0.017293135,0.011829107,summer
-0.04222678,-0.03362814,direction
0.03175368,0.030204702,ran
-0.035537183,-0.015363108,sales
-0.042541176,-0.034420554,list
0.019973004,0.061422378,continued
-0.035416283,-0.021893704,friend
-0.02476301,-0.006412363,evening
0.04141923,-0.027464299,maybe
-0.014184123,0.02554483,literature
0.051827904,-0.037024625,generally
-0.03994812,-0.029564966,association
0.030640922,-0.006815321,provided
0.023853503,0.056093536,led
-0.030838022,-0.012469168,army
0.02358797,-0.0022037136,met
-0.039133828,-0.03217936,influence
0.056230854,-0.040157545,opened
-0.013214678,0.029498465,former
-0.013305283,0.026435958,science
-0.036142163,-0.021177026,student
-0.012944424,0.006163563,step
-0.0027029165,0.010398552,changes
0.0105812615,0.05101499,chance
-0.0116545195,0.026978739,husband
-0.012342527,0.029470371,hot
-0.050394434,-0.04658278,series
-0.050656192,-0.04636031,average
-0.030103305,-0.014532365,works
0.0050216825,0.028631033,month
-0.03365982,-0.020753276,cause
0.0005261177,0.017287133,effective
-0.014784429,0.03031552,george
-0.009701967,0.02847615,planning
-0.026858104,-0.006018595,systems
-0.011252165,0.029347666,direct
-0.012890955,0.028915584,soviet
-0.0009230537,0.023791777,stopped
-0.0066009723,0.020653753,wrong
0.019471798,0.05798498,lead
0.005008759,0.016766693,myself
-0.049727477,-0.04575464,piece
-0.037255004,-0.0260689,theory
0.055434715,-0.037346907,ask
0.013161988,0.022063833,worked
-0.030973911,-0.016684376,freedom
-0.03256593,-0.019788792,organization
0.015553814,0.0017021687,clearly
-0.01977203,-0.0027157143,movement
-0.030225357,-0.016356438,ways
0.004245573,0.0058285748,press
0.043354668,-0.029701661,somewhat
-0.04117142,-0.03228395,spring
0.0040196413,0.040432557,efforts
0.053710338,-0.037529115,consider
-0.03902083,-0.028246572,meaning
-0.013148526,0.026432132,bed
-0.02927508,-0.023316732,fear
-0.04723759,-0.04209775,lot
-0.04660859,-0.040575493,treatment
-0.012163375,0.023684416,beautiful
-0.0058868555,-0.009487257,note
-0.041315198,-0.03165834,forms
0.009180989,0.0067597795,placed
-0.009593892,0.025616359,hotel
-0.017606013,0.004263388,truth
0.045385554,-0.03025404,apparently
-0.04445868,-0.037714846,degree
-0.0158729,0.007730704,groups
-0.010550789,0.02640112,plant
0.03637204,-0.0034692571,carried
-0.011452124,0.02997231,wide
0.019257179,0.06560232,respect
-0.0031347307,0.021317335,herself
-0.04291375,-0.035136063,numbers
-0.019256521,-0.007919319,manner
-0.026966365,-0.008909531,reaction
0.017275905,0.06373021,easy
-0.01380789,0.014221846,farm
0.0011501537,0.04157647,immediately
0.02341003,0.0072613964,running
0.018163422,0.05607961,approach
-0.012768314,0.014892198,game
0.010156901,0.0076157446,recently
-0.012456454,0.030961227,larger
-0.008009236,0.027679509,lower
-0.042953186,-0.036188513,charge
-0.05025641,-0.04627749,couple
0.05982848,-0.047380492,de
-0.004405776,0.032317676,daily
-0.005600458,0.012788103,eye
-0.0400109,-0.03180739,performance
0.017367229,0.05590495,feed
0.044980288,-0.03396436,oh
-0.011180472,0.0045595164,march
-0.0041654664,0.012797907,persons
-0.04011766,-0.032139055,understanding
-0.013343433,0.02839342,arms
0.017759107,0.0645984,opportunity
-0.015512018,0.021941511,c
0.0015284283,0.03534682,blood
-0.013444284,0.028404603,additional
-0.013457053,0.029825708,technical
-0.016831115,0.020968776,fiscal
-0.013996054,0.02592984,radio
0.013327574,0.007437535,described
0.048810817,-0.027925711,stop
-0.015423761,0.0045865183,progress
0.014434744,0.052921146,steps
-0.0345902,-0.029840458,test
-0.05016755,-0.045562062,chief
0.014736831,0.024979634,reported
0.011469869,0.027836027,served
0.003430955,0.011780961,based
-0.0059036864,0.013876171,main
0.020828335,0.05984578,determined
-0.049082913,-0.044639263,image
-0.0034483601,0.015228753,decision
-0.012355592,0.02458572,window
-0.013641402,0.02260782,religion
0.034602065,-0.018810468,aj
-0.009091407,0.026472032,gun
-0.021498261,-0.005627705,responsibility
-0.05215397,-0.04868487,middle
-0.012028005,0.028144637,europe
-0.014037007,0.03159266,british
-0.033945255,-0.01808775,character
0.012123954,0.019743135,learned
-0.012485579,0.02959391,horse
0.008886727,0.002999548,writing
0.017919572,0.05826804,appear
-0.04748926,-0.042414226,account
-0.010896625,0.014163794,ones
-0.015821796,0.026378047,serious
-0.012198551,0.012284472,activity
-0.04818498,-0.042596374,types
-0.0152923595,0.027766023,green
-0.043983378,-0.03610352,length
0.0009768121,0.01757861,lived
-0.016524756,0.003977179,audience
-0.009104669,0.024870634,letters
0.020072786,0.0643748,returned
0.006550922,0.01753203,obtained
-0.015538308,0.03253828,nuclear
-0.0139443735,0.029930124,specific
-0.046236012,-0.03998345,corner
0.017149836,0.05835278,forward
-0.022398716,-0.005222569,activities
-0.011973736,0.02965064,slowly
0.011381598,-0.0034565045,doubt
-0.015328433,0.018694023,justice
0.009243746,0.019319262,moving
-0.0025385069,0.009908682,latter
0.058539126,-0.04070521,gives
0.011873857,0.054337934,straight
0.0571626,-0.040365543,hit
-0.045965306,-0.03924945,plane
-0.041258827,-0.03209755,quality
-0.021303184,0.0065716743,design
0.05350333,-0.037436664,obviously
-0.03879756,-0.028401656,operation
0.01376585,0.054708585,plans
-0.009810309,0.019426461,shot
-0.04500039,-0.036127012,seven
-0.046519764,-0.04035112,choice
-0.014708039,0.030239915,poor
-0.014526466,0.013429137,staff
-0.042829532,-0.03394388,function
-0.011609846,0.020909008,figures
-0.04412146,-0.036790513,parts
0.00062245375,0.014718552,stay
0.02442013,-0.01193836,saying
0.056474485,-0.040177714,include
-0.028678587,-0.016925024,born
-0.044190463,-0.03694099,pattern
-0.011904619,0.024653446,cars
0.058164407,-0.044628978,whatever
-0.013138646,0.02527441,sun
-0.0060075046,0.0153060015,faith
-0.026545795,-0.0026847732,pool
-0.0008055855,0.01830845,hospital
-0.022079594,-0.010071958,corps
0.019548131,0.0652945,wish
-0.051151533,-0.04797506,lack
0.017350852,0.04226245,completely
-0.013711501,0.030542487,heavy
0.002731655,0.024450835,waiting
-0.023835154,-0.004202306,speak
-0.01128549,0.023317019,ball
-0.04611906,-0.038797036,standard
-0.026058674,-0.021601282,extent
0.022870243,0.047647547,visit
-0.015299254,0.032230545,democratic
-0.011927629,0.015085121,firm
-0.037882503,-0.022915615,income
-0.041848615,-0.033186305,ahead
-0.012176506,0.028199144,deep
-0.037317816,-0.024674464,language
-0.043784335,-0.03636776,principle
-0.04872387,-0.043885812,none
-0.04554431,-0.038989402,price
0.019795466,0.0628043,designed
0.015614467,-0.0030752672,indicated
-0.042613138,-0.035168413,analysis
-0.047362104,-0.041214827,distance
0.020180136,0.050920527,expect
0.017008744,0.009199647,established
-0.022526804,0.0006039762,products
-0.043341924,-0.035545446,effects
0.0037276016,0.014480553,growing
-0.03959818,-0.030241545,importance
0.020458806,0.06340044,continue
0.030186918,0.006453576,serve
0.060287543,-0.046493772,determine
-0.01338339,0.02934172,cities
-0.03987728,-0.030708496,elements
-0.011724093,0.019577403,negro
-0.027313134,-0.0129769305,leaders
-0.04623963,-0.039860934,division
-0.013398291,0.03158367,pretty
0.04663508,-0.027819972,easily
-0.040762667,-0.031733178,existence
-0.04777903,-0.040967118,attitude
-0.0077830893,0.013142001,stress
-0.0033059402,0.020048115,afternoon
0.016517721,0.0620712,limited
0.044578366,-0.02548945,hardly
-0.014877599,0.004206433,agreement
0.0053068325,0.002039526,factors
-0.027913097,-0.010207434,scene
0.0063433466,0.0065771295,remained
0.058909576,-0.04358534,closed
0.03235163,0.016120056,write
0.01956843,0.060461428,applied
-0.014854215,0.030039834,health
0.018797321,0.06069505,married
0.02023065,-0.007298958,suggested
0.041436873,-0.029698651,attack
-0.0077777547,0.009590362,rhode
0.00059571135,0.014049511,interested
-0.008863489,0.026276106,station
-0.01453417,0.03125607,professional
0.01868721,0.044288065,drive
-0.008466708,0.014811823,season
0.054922182,-0.03871368,reach
-0.015513161,0.022498546,b
0.06065401,-0.046406996,despite
-0.02050541,-0.00076493,current
0.04248136,-0.022916874,spent
-0.04001269,-0.029860543,eight
0.0068219528,0.011771558,covered
-0.027270896,-0.014597587,role
0.038434517,-0.01862834,played
0.050781075,-0.0340197,becomes
-0.04020826,-0.031457976,date
-0.040028896,-0.028912589,council
-0.012338694,0.009091065,race
-0.031075785,-0.012822822,unit
-0.009347558,0.010800575,commission
0.003924885,0.019636702,original
-0.014751012,0.02333573,mouth
-0.0013715135,0.019979741,reasons
-0.029487826,-0.016182484,studies
0.059959818,-0.04622701,exactly
0.016321419,0.057783198,machine
0.02564462,-0.0034669966,built
